"name","type","zone","address","short_description","official_url","phone","email","festival_note"
"AC HOTEL MURCIA","CAMPING/ALBERGUE","Centro de Murcia","Juan Carlos I, 39 - 30009 - Murcia","El AC Hotel Murcia está ubicado a tan solo 2,5 km del centro de Murcia en la zona empresarial más importante de la ciudad estando conectado con el centro como con el resto de la periferia en tan solo unos minutos gracias a la nueva línea del tranvía. Es un hotel funcional y de diseño vanguardista.","http://www.espanol.marriott.com/hotels/travel/mjvmu-ac-hotel-murcia","+34 968 274 250","","en Murcia ciudad; cerca del centro; bien conectado; camping/albergue"
"HOTEL OCCIDENTAL MURCIA AGALIA","CAMPING/ALBERGUE","Centro de Murcia","Miguel Angel Beloqui 7 - 30006 - Murcia","Elegante y moderno establecimiento de 4 estrellas, con 126 habitaciones, 8 de ellas con terraza, 2 adaptadas y 2 suites. OCCIDENTAL MURCIA AGALIA está ubicado en una de las mejores zonas comerciales de la ciudad, a escasa distancia del centro de congresos y del palacio de deportes.","https://www.agaliahotel.es/","+34 968 397 000","","en Murcia ciudad; cerca del centro; camping/albergue"
"CATALONIA CONDE DE FLORIDABLANCA","CAMPING/ALBERGUE","Centro de Murcia","Calle Princesa, 18 - 30002 - Murcia","Ubicado en el centro de Murcia, a 5 minutos a pie de la Catedral sus 82 confortables habitaciones todas exteriores: estándar, superiores y Premium terrace, cuentan con todas las comodidades.","https://www.cataloniahotels.com/es/hotel/catalonia-conde-de-floridablanca?mb=1","+34 968 214 626","","en Murcia ciudad; cerca del centro; camping/albergue"
"HOTEL ALLEGRO MURCIA AZARBE","CAMPING/ALBERGUE","Centro de Murcia","Avda. del Rocío, 2 - 30007 - Murcia","El ALLEGRO MURCIA AZARBE cuenta con una inmejorable ubicación en el centro financiero y comercial de Murcia. Ideal para quien quiera conocer la ciudad o bien para viajes de negocios. Ponemos a tu disposición las mejores habitaciones, todas ellas con un estilo moderno y elegante para que puedas descansar y relajarte.","https://www.hotelazarbe.com/","+34 968 272 829","","en Murcia ciudad; cerca del centro; camping/albergue"
"HOTEL NELVA","CAMPING/ALBERGUE","Centro de Murcia","Avda. 1º de Mayo S/N - 30006 - Murcia","El Hotel Nelva se encuentra a solo 15 minutos a pie del centro histórico de Murcia y dispone de piscina y WiFi gratuita. Cuenta con modernas habitaciones, 12 salas para eventos y rodeado de jardines extensos que disfrutan de vistas magníficas a la ciudad.","https://www.hotelmurcianelva.com/","+34 968 060 200","","en Murcia ciudad; cerca del centro; camping/albergue"
"HOTEL TRYP MURCIA RINCÓN DE PEPE","CAMPING/ALBERGUE","Centro de Murcia","Plaza Apóstoles, 34 - 30001 - Murcia","El hotel Tryp Rincón de Pepe es un establecimiento de cuatro estrellas ubicado en el centro de Murcia, España, a un breve trayecto a pie de las atracciones turísticas, de excelentes tiendas y de numerosos restaurantes y bares.","https://www.melia.com/es/hoteles/espana/murcia/tryp-murcia-rincon-de-pepe/index.htm","+34 968 212 239","","en Murcia ciudad; cerca del centro; camping/albergue"
"NH AMISTAD","CAMPING/ALBERGUE","Centro de Murcia","Condestable, 1 - 30009 - Murcia","Moderno y funcional hotel de reciente construcción, situado en pleno centro de la Ciudad, junto a El Corte Inglés. Dispone de 148 habitaciones dotadas de toda clase de servicios y comodidades: Su restaurante ""Condestable"", especializado en cocina creativa e internacional, ofrece el mejor servicio y calidad.","https://www.nh-hoteles.es/hotel/nh-amistad-murcia","+34 968 282 929","","en Murcia ciudad; cerca del centro; camping/albergue"
"HOTEL BARCELÓ MURCIA SIETE CORONAS","CAMPING/ALBERGUE","Centro de Murcia","Paseo de Garay, 5 - 30003 – Murcia.","Ubicado en pleno centro de Murcia, junto al río, a 5 minutos de la Catedral, a 10 minutos del Auditorio y a 5 minutos de la estación de tren y autobuses. Sus 156 habitaciones son exteriores, amplias y están completamente equipadas, muchas de ellas con vistas al río o a la Catedral de Murcia.","https://www.barcelo.com/es-es/occidental-murcia-siete-coronas/","+34 968 217 771","","en Murcia ciudad; cerca del centro; bien conectado; camping/albergue"
"SERCOTEL JC1 HOTEL","CAMPING/ALBERGUE","Centro de Murcia","Avda. Juan Carlos I , 55 - 30009 - Murcia","Sercotel JC1 de marcado estilo moderno y fácil acceso desde las autovías de entrada a Murcia y con la parada de Tranvía a escasos metros del hotel, lo que permite llegar al centro en pocos minutos. Ubicado a escasos 3 Km. del Palacio de Congresos, en una de las zonas de mayor expansión empresarial de la ciudad.","https://www.hoteljc1murcia.com/","+34 968 858 844","","en Murcia ciudad; cerca del centro; bien conectado; camping/albergue"
"HESPERIA MURCIA CENTRO","CAMPING/ALBERGUE","Centro de Murcia","Calle Madre de Dios, 4 - 30004 - Murcia","Sus 120 habitaciones han sido recientemente renovadas para atender todas las necesidades. Distribuidas en seis plantas, destacan por sus diferentes tipologías que permiten acoger desde un único huésped, hasta cuatro, siendo la comodidad y el espacio una constante.","https://www.hesperia.com/es/es/hoteles/espana/murcia/hesperia-murcia-centro","+34 968 217 789","","en Murcia ciudad; cerca del centro; camping/albergue"
"HOTEL CETINA","CAMPING/ALBERGUE","Centro de Murcia","Calle Radio Murcia, 3 - 30001, Murcia.","Un remanso de paz y tranquilidad entre los dos monumentos más simbólicos y céntricos de la ciudad de Murcia; La Catedral y El Real Casino, así como del centro financiero y comercial de la ciudad. El renovado Hotel Cetina está inmerso en la viva historia de la ciudad, ya que fue inaugurado como hotel de renombre en el año 1975.","https://www.cetinahotels.com/cetina-murcia/","+34 968 100 800","","en Murcia ciudad; cerca del centro; camping/albergue"
"HOTEL EL CHURRA","CAMPING/ALBERGUE","Centro de Murcia","Marqués de los Vélez, 12 - 30008 - Murcia","Hotel céntrico, situado en el barrio de Vistalegre, junto a la Plaza Circular. Con acceso directo a la Universidad y a los Centros Comerciales a través del tranvía cuya parada se encuentra junto al hotel. Nuestro hotel dispone de 120 habitaciones, con habitaciones de distintas modalidades.","https://www.elchurra.net/","+34 968 238 400","","en Murcia ciudad; cerca del centro; bien conectado; camping/albergue"
"HOTEL CHURRA VISTALEGRE","CAMPING/ALBERGUE","Centro de Murcia","Arquitecto Juan José Belmonte, 4 - 30007 - Murcia","El hotel Churra Vistalegre, se encuentra en el barrio de Vistalegre, en el lateral del Hospital Morales Meseguer, a 200 metros de la Plaza Circular, donde comienza el centro de Murcia, a 5 minutos andando de la zona comercial, y a 10 del casco antiguo de Murcia. Hotel de 57 habitaciones de larga tradición familiar.","https://www.elchurra.net/elchurra-hoteles/churra-vistalegre","+34 968 201 750","","en Murcia ciudad; cerca del centro; camping/albergue"
"HOTEL DE LA PAZ","CAMPING/ALBERGUE","Sangonera La Seca","Ctra. Granada, Km. 647 - 30835 - Sangonera La Seca - Murcia","Si buscas alojamiento para descansar o visitar Murcia ¡El Hotel La Paz es lo que necesitas! Está situado en una zona tranquila en el km581, su rápido acceso a la ciudad te facilita ir de compras o pasear por las diferentes localidades que se encuentran a escasa distancia. Habitaciones equipadas con todo lo que necesitas para tu estancia.","http://hoteldelapaz.es/","+34 968 801 337","","bien conectado; camping/albergue"
"HOTEL PACOCHE MURCIA","CAMPING/ALBERGUE","Centro de Murcia","Calle Cartagena, 30 - 30002 - Murcia","El Hotel Pacoche está ubicado en el centro de la ciudad de Murcia, a tan solo 5 minutos del centro histórico-cultural y zona comercial de la ciudad. Así mismo, de acceso inmediato desde las autovías dirección Madrid - Valencia - Andalucía. El Hotel pone a su disposición 72 habitaciones amplias y confortables y totalmente equipadas.","https://pacoche.es/","+34 968 213 385","","en Murcia ciudad; cerca del centro; bien conectado; camping/albergue"
"HOTEL VENTA BAÑOS","CAMPING/ALBERGUE","Murcia y alrededores","Autovía de noroeste, Salida 8 (Venta Baños) - 30837 - Cañada Hermosa (Murcia)","El Hotel Venta Baños cuenta con unas excelentes instalaciones que combinan la tradicional arquitectura de antaño, con formas de construcción modernas, todos los elementos que contiene son de carácter práctico y funcional. Comprende veintitrés habitaciones y dos Junior Suites.","http://www.ventabanos.com/","+34 868 175 444","","camping/albergue"
"HOTEL ZENIT MURCIA","CAMPING/ALBERGUE","Centro de Murcia","Plaza de San Pedro, 5 - 30004 - Murcia","El Hotel Zenit Murcia está en el centro de Murcia, junto a la Plaza de las Flores. Su ubicación permite recorrer a pie las calles de esta ciudad y los principales atractivos culturales, gastronómicos y de ocio. Un hotel elegante y ajustado a sus necesidades, con una decoración muy agradable. Hay 61 habitaciones completamente equipadas.","https://murcia.zenithoteles.com/es/","+34 968 214 741","","en Murcia ciudad; cerca del centro; camping/albergue"
"HOTEL B&B MURCIA","CAMPING/ALBERGUE","Centro de Murcia","Av. Juan de Borbón, parcela 2A. Centro Comercial Thader , 30110 - Murcia","Un hotel completamente renovado que ofrece todos los servicios que necesitas para hacer que tu visita a Murcia y sus alrededores sea lo más confortable y placentera posible. Si estás buscando un hotel en Murcia al mejor precio, bien comunicado y muy agradable, este es tu alojamiento adecuado.","https://www.hotel-bb.com/es/hotel/murcia","+34 868 694 653","","en Murcia ciudad; cerca del centro; bien conectado; camping/albergue"
"HOTEL CAMPANILE MURCIA","CAMPING/ALBERGUE","Zona bien conectada / tranvía","Avda. Juan Carlos I, 77 - 30100 - Murcia","Moderno y funcional, cuenta con 117 habitaciones con todo el confort: climatización, bandeja de cortesía con café y té, TV con canales internacionales, teléfono, mesa de trabajo, baño completo y Wifi gratuito en todo el Hotel. Dispone también de habitaciones para no fumadores y para discapacitados.","https://murcia.campanile.com/es-es/","+34 968 899 781","","bien conectado; camping/albergue"
"HOTEL IBIS MURCIA","CAMPING/ALBERGUE","Zona bien conectada / tranvía","Avda. Juan Carlos I, s/n - 30009 - Murcia","El hotel está situado a 800 metros del casco histórico de la ciudad y a 3 kilómetros del Palacio de Congresos y del Parque de Exposiciones. Todas las habitaciones están equipadas con aire acondicionado, calefacción, televisión y Wifi para ofrecerte el mayor confort. Dispone de servicio de restaurante, snack/bar 24h y parking cubierto.","https://all.accor.com/hotel/3676/index.es.shtml","+34 968 274 939","","bien conectado; camping/albergue"
"HOTEL CASA EMILIO","CAMPING/ALBERGUE","Centro de Murcia","Calle Alameda de Colon, 9 - 30002 - Murcia","Este establecimiento está situado en el centro histórico y comercial de Murcia, frente a los jardines de Floridablanca, a 5 minutos de las estaciones de Tren y Autobuses. Este hotel de 2 estrellas es moderno y cuenta con habitaciones sencillas y cómodas. Su ubicación es ideal para descubrir el centro de la ciudad.","http://www.hotelcasaemilio.com/","+34 968 220 631","","en Murcia ciudad; cerca del centro; bien conectado; camping/albergue"
"HOTEL LEGAZPI","CAMPING/ALBERGUE","Centro de Murcia","Avda. Miguel de Cervantes, 6 - 30009 - Murcia","Este funcional hotel reformado en 2004 está situado en el centro de la ciudad, muy cerca de todos los puntos de interés y monumentos de Murcia. Su ventajosa ubicación implica que se puede llegar a pie y en pocos minutos tanto a las tiendas como a los atractivos culturales del municipio. Se trata de un hotel perfectamente equipado.","http://hotellegazpi.es/","+34 968 293 081","","en Murcia ciudad; cerca del centro; camping/albergue"
"HOTEL IBIS BUDGET HUERTA DE MURCIA","CAMPING/ALBERGUE","Murcia y alrededores","Avda. José Manuel Sánchez Pedreño, 6 30009 - Murcia","El hotel cuenta con unas modernas instalaciones para el mejor descanso. Todas sus habitaciones están diseñadas para el máximo confort gracias a la cama Sweet Bed. Equipadas con cuarto de baño completo, aire acondicionado, calefacción, TV con canales nacionales e internacionales.","https://all.accor.com/hotel/A9N5/index.es.shtml","Avda. José Manuel Sánchez Pedreño, 6 30009 - Murcia","","camping/albergue"
"HOTEL UNIVERSAL MURCIA","CAMPING/ALBERGUE","Centro de Murcia","Calle Cartagena, 21 - 30002 - Murcia","En el centro histórico y comercial de Murcia, el Hotel Universal Murcia pone a su servicio 47 habitaciones confortables, completamente reformadas, con baño interior, climatización, teléfono, televisión y Wifi gratuito de alta velocidad. Habitaciones funcionales para conseguir un descanso placentero.","https://universal-pacoche.es/","+34 968 217 605","","en Murcia ciudad; cerca del centro; camping/albergue"
"THE CATHEDRAL HOSTEL","CAMPING/ALBERGUE","Murcia y alrededores","C/ Trapería , 19, 3º Izqda. 30001","","https://thecathedralhostel.com/","+34 601 715 520","","camping/albergue"
"PENSIÓN PUERTO RICO","CAMPING/ALBERGUE","Murcia y alrededores","Rafael Alberti, 2, Bajo, 30160","","http://www.pensionpuertorico.es/","+34 968 850 022","","camping/albergue"
"PENSIÓN SEGURA","CAMPING/ALBERGUE","Murcia y alrededores","Plaza Camachos, 14 - 30002 - Murcia","","https://www.pensionsegura.es/","+34 968 211 281","","camping/albergue"
"PENSIÓN CAMPOY","CAMPING/ALBERGUE","Murcia y alrededores","Diego Hernandez, 32 - 30002 - Murcia","","https://www.pensioncampoy.com/","+34 968 254 591","","camping/albergue"
"LA CASA VERDE HOSTEL","CAMPING/ALBERGUE","Murcia y alrededores","Carril de la Esparza, 9 - 30009 - Murcia","","https://lacasaverdehostel.com/","+34 650 191 210","","camping/albergue"
"CASA PANCHO","CAMPING/ALBERGUE","Murcia y alrededores","Av. de Lorca, 152 - 30835 - Murcia","","http://idearent.es/","+34 968 803 787","","camping/albergue"
"LOS ANGELES","CAMPING/ALBERGUE","Murcia y alrededores","Avda. de Alicante - 30160 - Monteagudo - Murcia","ul class=""list-inline""> <li><i class=""fas fa-utensils iconhotel""></i></li> <li><i class=""fas fa-wifi iconhotel""></i></li> </ul","http://www.apartamentos-amanecer.es/","+34 968 242 766","","camping/albergue"
"CATUROCIO","CAMPING/ALBERGUE","Murcia y alrededores","Polig.Ind. Camposol, 55 - 30006 - Murcia","","http://www.arrixaca.net","+34 68 230 404","","camping/albergue"
"AD NATURA","CASA RURAL","Murcia y alrededores","Carril Aceros, 22, 30007 - Murcia","","https://es-la.facebook.com/casaruraladnatura/","+34 678 051 140","","casa rural"
"EL NARANJAL DE SANTA CRUZ","CASA RURAL","Murcia y alrededores","Vereda de San Anton, 19 - 30162 - Murcia","","https://elnaranjaldesantacruz.wordpress.com/","+34 626 074 818","","casa rural"
"CASON LA ALJUFIA","CASA RURAL","Murcia y alrededores","Carril la Rinconá - 30108 - Murcia","","https://www.portalrural.es/casa-rural/cason-la-aljufia/3513/","+34 608 863 605","","casa rural"
"TIO MARTÍN","CASA RURAL","Murcia y alrededores","C/Tío Martín - 30590 - Gea y Truyols - Murcia","","https://www.rurismo.com/casas-rurales/murcia/murcia--6297/tio-martin--8608/","+34 620 199 444","","casa rural"
