id,fecha,categoria,decision,confianza,score_valor,score_politica,titulo,autor,url
77,2023-05-05,logistica,REVISAR,0.65,19,3,Los vecinos denuncian el estado de suciedad de La Fica cinco días después del Warm Up,Pedro Navarro,https://www.laverdad.es/murcia/ciudad-murcia/vecinos-denuncian-estado-suciedad-fica-cinco-dias-20230505141744-nt.html
59,2024-05-01,meteo,REVISAR,0.54,18,0,Cambio de tiempo en Murcia para el fin de semana del Warm Up: subida de temperaturas,Antonio Gil Ballesta,https://www.laverdad.es/murcia/ciudad-murcia/cambio-tiempo-murcia-fin-semana-warm-up-20240501103143-nt.html
10,2026-04-29,meteo,REVISAR,0.52,31,0,Previsión de lluvias para el puente de mayo en la Región de Murcia,Candela González Díaz,https://www.laverdad.es/murcia/tormentas-aparato-electrico-prevision-tiempo-warm-up-20260429121206-nt.html
0,2026-05-06,politica,EXCLUIR,0.6,10,15,Podcast: Continúa la crisis de Vox en la Región de Murcia y las necesidades del Warm Up para el futuro,María García Clemente,https://www.laverdad.es/podcast/continua-crisis-vox-region-murcia-necesidades-warm-20260506191337-aud.html
17,2025-12-18,artistas,INCLUIR,0.58,24,0,"Soulwax, Rusowsky, Biznaga, Karavana y La Paloma, entre las nuevas confirmaciones del Warm Up de Murcia",A.G.B.,https://www.laverdad.es/culturas/musica/soulwax-rusowsky-biznaga-karavana-paloma-nuevas-confirmaciones-20251218115543-nt.html
27,2025-05-03,artistas,INCLUIR,0.57,91,0,Consulta todos los conciertos de este sábado en el Warm Up y sus horarios,Alberto Frutos,https://www.laverdad.es/culturas/musica/consulta-conciertos-sabado-warm-up-horarios-20250502072752-nt.html
36,2025-04-07,artistas,INCLUIR,0.5,32,0,Cultura y Warm Up buscan una nueva banda para tocar en el festival,LV,https://www.laverdad.es/culturas/musica/cultura-warm-up-buscan-nueva-banda-tocar-20250408235042-nt.html
73,2023-11-02,artistas,INCLUIR,0.5,22,0,"Delaporte, La Paloma y Perro, entre las nuevas confirmaciones del Warm Up 2024",LA VERDAD,https://www.laverdad.es/culturas/musica/delaporte-paloma-perro-nuevas-confirmaciones-warm-up-20231102114748-nt.html
9,2026-04-30,artistas,INCLUIR,0.49,45,0,"Las Petunias aterrizan el sábado en el Warm Up: «El público murciano es el mejor, y no es broma»",Lía Guillén,https://www.laverdad.es/culturas/musica/golla-publico-murciano-mejor-broma-20260428175722-nt.html
33,2025-05-02,artistas,INCLUIR,0.48,90,0,Consulta todos los conciertos de este viernes en el Warm Up de Murcia y sus horarios,Alberto Frutos,https://www.laverdad.es/culturas/musica/consulta-conciertos-viernes-warm-up-murcia-horarios-20250502071553-nt.html
70,2023-12-21,artistas,INCLUIR,0.48,20,0,The Blaze encabeza las nuevas confirmaciones del Warm Up,LA VERDAD,https://www.laverdad.es/culturas/musica/the-blaze-encabeza-nuevas-confirmaciones-warm-up-20231221122428-nt.html
22,2025-05-03,artistas,INCLUIR,0.46,46,0,El Warm Up se rinde ante la evolución de Amaia,Alberto Frutos,https://www.laverdad.es/culturas/warm-up-cae-rendido-encanto-amaia-20250503234243-nt.html
25,2025-05-03,artistas,INCLUIR,0.44,72,0,Con muletas y a lo loco: Carolina Durante reinan en el Warm Up,Alberto Frutos,https://www.laverdad.es/culturas/musica/muletas-loco-carolina-reinan-warm-up-20250503072644-nt.html
69,2024-01-16,artistas,INCLUIR,0.44,16,0,"Editors, Judeline y María Escarmiento, entre las nuevas confirmaciones del Warm Up",LA VERDAD,https://www.laverdad.es/culturas/musica/editors-judeline-maria-escarmiento-nuevas-confirmaciones-warm-20240116134316-nt.html
72,2023-11-16,artistas,INCLUIR,0.44,17,0,"Bomba Estéreo, Cupido y Mujeres, entre las nuevas confirmaciones para el Warm Up 2024",Natalia Moreno,https://www.laverdad.es/culturas/musica/bomba-estereo-cupido-mujeres-nuevas-confirmaciones-warm-20231116120451-nt.html
2,2026-05-03,artistas,INCLUIR,0.43,55,0,Carlos Ares hechiza y eleva al Warm Up 2026,Alberto Frutos,https://www.laverdad.es/culturas/musica/carlos-ares-hechiza-eleva-warm-up-2026-20260503075102-nt.html
30,2025-05-02,artistas,INCLUIR,0.43,28,0,"Warm up, la banda sonora de la primavera",Natalia Benito,https://www.laverdad.es/culturas/musica/warm-up-banda-sonora-primavera-20250502203133-nt.html
68,2024-02-01,artistas,INCLUIR,0.43,36,1,Los Planetas se suman al Warm Up con un concierto íntegro de 'Super 8',Antonio Gil Ballesta,https://www.laverdad.es/culturas/musica/planetas-suma-warm-up-concierto-integro-super-20240201135647-nt.html
49,2024-05-03,artistas,INCLUIR,0.41,43,0,Expectativas cumplidas en el reencuentro con el Warm Up 2024,Alberto Frutos,https://www.laverdad.es/culturas/musica/expectativas-cumplidas-reencuentro-warm-up-2024-20240503220031-nt.html
65,2024-03-14,artistas,INCLUIR,0.41,34,0,"Johnny Marr, Black Lips, Sen Senra, Crystal Murray y Kiddy Smile se suman al cartel del Warm Up",LA VERDAD,https://www.laverdad.es/culturas/musica/johnny-marr-black-lips-sen-senra-crystal-20240314122447-nt.html
19,2025-09-01,artistas,INCLUIR,0.4,25,0,La primera preventa especial para el Warm Up 2026 ya tiene fecha,LA VERDAD,https://www.laverdad.es/murcia/primera-preventa-especial-warm-up-2026-fecha-20250901191435-nt.html
16,2026-01-29,artistas,INCLUIR,0.39,35,0,The Kooks lideran las nuevas confirmaciones del Warm Up de Murcia,LA VERDAD,https://www.laverdad.es/culturas/musica/the-kooks-lideran-nuevas-confirmaciones-warm-up-20260129125119-nt.html
39,2024-11-28,artistas,INCLUIR,0.39,23,0,"Mando Diao, Amaia y Alcalá Norte, entre las nuevas confirmaciones del Warm Up 2025",LA VERDAD,https://www.laverdad.es/culturas/musica/mando-diao-amaia-alcala-norte-nuevas-confirmaciones-20241128134423-nt.html
45,2024-05-04,artistas,INCLUIR,0.39,59,0,Viva Suecia sana su herida en el Warm Up con un concierto histórico,Alberto Frutos,https://www.laverdad.es/culturas/musica/viva-suecia-sana-herida-warm-up-concierto-20240504232621-nt.html
51,2024-05-03,artistas,INCLUIR,0.39,32,0,"El 'brilli brilli' ha muerto, pero no las ganas de Warm Up",Natalia Benito,https://www.laverdad.es/culturas/musica/brillibrilli-muerto-ganas-warm-up-20240503201550-nt.html
58,2024-05-02,artistas,INCLUIR,0.36,57,0,"La 'cara B' del Warm Up, en el centro de Murcia",Susana Fernández,https://www.laverdad.es/culturas/musica/cara-warm-up-centro-murcia-20240503201013-nt.html
71,2023-12-04,artistas,INCLUIR,0.36,22,0,"Arde Bogotá, nueva confirmación del Warm Up!",LA VERDAD,https://www.laverdad.es/culturas/musica/arde-bogota-ultima-confirmacion-warm-up-20231204174157-nt.html
4,2026-05-01,artistas,INCLUIR,0.35,51,0,James y Guitarricadelafuente enamoran en la vuelta del Warm Up,Alberto Frutos,https://www.laverdad.es/culturas/musica/warm-up-reafirma-condicion-punto-reencuentro-20260501222144-nt.html
55,2024-05-03,artistas,INCLUIR,0.34,36,0,El regreso más esperado y prometedor del Warm Up,Alberto Frutos,https://www.laverdad.es/planes/regreso-esperado-prometedor-warm-up-20240503013143-nt.html
54,2024-05-03,artistas,INCLUIR,0.33,9,0,El Warm Up 2024 levanta el telón,Javier Carrión / Guillermo Carrión / AGM,https://www.laverdad.es/culturas/musica/warm-up-2024-levanta-telon-20240503211106-ga.html
18,2025-11-16,artistas,INCLUIR,0.32,25,0,"Fatboy Slim y Guitarricadelafuente, primeras confirmaciones del Warm Up 2026",Natalia Benito,https://www.laverdad.es/culturas/musica/fatboy-slim-guitarricadelafuente-primeras-confirmaciones-warm-up-20251116115123-nt.html
8,2026-05-01,artistas,INCLUIR,0.3,72,1,Arrancan los días grandes del Warm Up,Alberto Frutos,https://www.laverdad.es/planes/arrancan-dias-grandes-warm-up-20260501192520-nt.html
74,2023-10-10,artistas,INCLUIR,0.3,27,0,El Warm Up anuncia su primera confirmación para 2024: Viva Suecia,Fernando Perals,https://www.laverdad.es/culturas/musica/warm-up-anuncia-primera-confirmacion-2024-viva-20231010102429-nt.html
7,2026-05-01,experiencia,INCLUIR,0.6,15,0,"El ambiente del Warm Up antes de comenzar, en imágenes",Andrés Molina / AGM,https://www.laverdad.es/culturas/musica/ambiente-warm-up-comenzar-imagenes-20260501210423-ga.html
24,2025-05-03,experiencia,INCLUIR,0.5,18,0,"El ambiente festivo en la segunda jornada del Warm Up de Murcia, en imágenes",Kiko Asunción / AGM,https://www.laverdad.es/culturas/musica/ambiente-festivo-segunda-jornada-warm-up-murcia-20250503205257-ga.html
47,2024-05-04,experiencia,INCLUIR,0.5,12,0,"La tarde del sábado en el Warm Up, en imágenes",Javier Carrión / AGM,https://www.laverdad.es/culturas/musica/tarde-sabado-warm-up-imagenes-20240504231651-ga.html
48,2024-05-04,experiencia,INCLUIR,0.46,13,0,Una mañana de bailes en el Warm Up 2024,Natalia Benito,https://www.laverdad.es/culturas/musica/manana-bailes-warm-up-2024-20240504162408-nt.html
28,2025-05-02,experiencia,INCLUIR,0.43,21,0,"El ambiente de fiesta en la primera jornada del Warm Up de Murcia, en imágenes",Kiko Asunción / Guillermo Carrión / AGM,https://www.laverdad.es/culturas/musica/ambiente-fiesta-primera-jornada-warm-up-murcia-20250502191820-ga.html
5,2026-05-01,experiencia,INCLUIR,0.4,15,0,"El primer día del Warm Up, en imágenes",Andrés Molina | Guillermo Carrión / AGM,https://www.laverdad.es/culturas/musica/primer-dia-warm-up-imagenes-20260501225433-ga.html
21,2025-05-04,experiencia,INCLUIR,0.4,15,0,"Los conciertos del Warm Up del domingo en Murcia, en imágenes",Andrés Molina / AGM,https://www.laverdad.es/culturas/musica/conciertos-warm-up-domingo-murcia-imagenes-20250504162839-ga.html
6,2026-05-01,impacto,INCLUIR,0.24,44,0,"Una nueva edición de Warm Up que no será perfecta, pero se recordará",Natalia Benito,https://www.laverdad.es/culturas/musica/nueva-edicion-warm-up-perfecta-recordara-20260501203423-nt.html
1,2026-05-06,logistica,INCLUIR,0.68,27,0,Quejas por la demora en la limpieza del recinto murciano de La Fica tras el Warm Up,Pedro Navarro,https://www.laverdad.es/murcia/ciudad-murcia/quejas-demora-limpieza-recinto-murciano-fica-tras-20260506143218-nt.html
32,2025-05-02,logistica,INCLUIR,0.59,34,0,Lo que necesitas saber del Warm Up de Murcia para disfrutar al máximo,LA VERDAD,https://www.laverdad.es/culturas/musica/necesitas-saber-warm-up-murcia-disfrutar-maximo-20250502071714-nt.html
42,2024-05-09,logistica,INCLUIR,0.59,37,0,Facua denuncia al Warm Up por cobrar comisión al devolver el dinero de las pulseras,LA VERDAD,https://www.laverdad.es/culturas/facua-denuncia-festival-warm-up-cobrar-comision-20240509144011-nt.html
31,2025-05-02,logistica,INCLUIR,0.58,12,0,Vecinos del camino Orilla del Río de Murcia claman por estar «encerrados» durante otro Warm Up,Pedro Navarro,https://www.laverdad.es/murcia/ciudad-murcia/vecinos-camino-orilla-rio-murcia-claman-estar-20250502194807-nt.html
56,2024-05-03,logistica,INCLUIR,0.47,32,1,Dispositivo especial contra botellones y acampadas en Murcia por el Warm Up,Pilar Benito,https://www.laverdad.es/murcia/ciudad-murcia/dispositivo-especial-botellones-acampadas-murcia-warm-up-20240503123219-nt.html
63,2024-04-24,logistica,INCLUIR,0.4,25,0,Ya se conocen los días y el lugar para recoger las pulseras del Warm Up,LA VERDAD,https://www.laverdad.es/murcia/ciudad-murcia/conocen-dias-lugar-recoger-pulseras-warm-up-20240424134132-nt.html
14,2026-03-03,programacion,INCLUIR,0.71,35,0,Cartel por días del Warm Up de Murcia: consulta los conciertos del viernes y el sábado,LA VERDAD,https://www.laverdad.es/culturas/musica/cartel-dias-warm-up-murcia-consulta-conciertos-20260303160753-nt.html
37,2025-02-18,programacion,INCLUIR,0.7,20,0,M.I.A. y Varry Brava cierran el cartel del Warm Up,LA VERDAD,https://www.laverdad.es/culturas/musica/varry-brava-cierran-cartel-warm-up-20250218121757-nt.html
3,2026-05-03,programacion,INCLUIR,0.67,9,0,Las imágenes de los conciertos del sábado del Warm Up,,https://www.laverdad.es/culturas/musica/imagenes-conciertos-sabado-warm-up-20260503110514-ga.html
75,2023-05-18,programacion,INCLUIR,0.62,37,0,El Warm Up también devolverá el dinero del sábado a quienes compraron el abono,Susana Fernández,https://www.laverdad.es/culturas/musica/warm-up-devolvera-dinero-sabado-compraron-abono-20230518185953-nt.html
67,2024-02-15,programacion,INCLUIR,0.6,43,0,El Warm Up desvela su cartel por días: consulta cuándo actúa cada banda,LA VERDAD,https://www.laverdad.es/culturas/musica/warm-up-desvela-cartel-dias-consulta-actua-20240215131642-nt.html
41,2024-08-29,programacion,INCLUIR,0.58,12,0,Ya se conocen las fechas del Warm Up 2025,LA VERDAD,https://www.laverdad.es/culturas/musica/conocen-fechas-warm-up-2025-20240829144039-nt.html
64,2024-04-15,programacion,INCLUIR,0.58,62,0,Estos son los horarios de los conciertos del Warm Up,I.M.,https://www.laverdad.es/culturas/musica/horarios-conciertos-warm-up-20240415123237-nt.html
23,2025-05-04,programacion,INCLUIR,0.57,21,0,"Los conciertos de la segunda jornada del Warm Up de Murcia, en imágenes",Kiko Asunción / AGM,https://www.laverdad.es/culturas/musica/conciertos-segunda-jornada-warm-up-murcia-imagenes-20250504074223-ga.html
26,2025-05-02,programacion,INCLUIR,0.57,21,0,"Los conciertos de la primera jornada del Warm Up de Murcia, en imágenes",Kiko Asunción / Guillermo Carrión / AGM,https://www.laverdad.es/culturas/musica/conciertos-primera-jornada-warm-up-murcia-imagenes-20250502201728-ga.html
76,2023-05-12,programacion,INCLUIR,0.56,46,0,Warm Up 2023: ya hay fecha para la devolución del dinero de las entradas del sábado,María José Timoteo,https://www.laverdad.es/culturas/musica/warm-up-2023-fecha-devolucion-dinero-entradas-sabado-20230512121930-nt.html
52,2024-05-03,programacion,INCLUIR,0.55,20,0,"Los conciertos de la primera jornada del Warm Up 2024, en imágenes",Javier Carrión / Guillermo Carrión / AGM,https://www.laverdad.es/culturas/musica/conciertos-primera-jornada-warm-up-2024-imagenes-20240503233956-ga.html
13,2026-04-20,programacion,INCLUIR,0.53,34,0,"The Kooks, baja de última hora del cartel del Warm Up de Murcia",LA VERDAD,https://www.laverdad.es/culturas/musica/the-kooks-baja-ultima-hora-cartel-warm-20260420175422-nt.html
35,2025-04-10,programacion,INCLUIR,0.5,58,0,Warm Up 2025: Estos son los horarios de los conciertos por días y escenarios,LA VERDAD,https://www.laverdad.es/culturas/musica/warm-up-2025-horarios-conciertos-dias-20250410174838-nt.html
53,2024-05-03,programacion,INCLUIR,0.5,6,0,Bailes hasta el amanecer en el Warm Up 2024,Javier Carrión / Guillermo Carrión / AGM,https://www.laverdad.es/culturas/musica/bailes-amanecer-warm-up-2024-20240503232842-ga.html
34,2025-04-24,programacion,INCLUIR,0.48,44,0,El festival Warm Up presenta su programación de actividades paralelas gratuitas en Murcia,LA VERDAD,https://www.laverdad.es/culturas/festival-warm-up-presenta-programacion-actividades-paralelas-20250424112030-nt.html
12,2026-04-22,programacion,INCLUIR,0.47,30,0,El festival Warm Up anuncia la banda que sustituirá a The Kooks,LA VERDAD,https://www.laverdad.es/culturas/festival-warm-up-anuncia-incorporacion-banda-sustituira-20260422111739-nt.html
62,2024-04-26,programacion,INCLUIR,0.46,59,0,Todas las actividades que el festival Warm Up prepara durante una semana entera en Murcia,Natalia Moreno,https://www.laverdad.es/culturas/musica/conoce-actividades-festival-warm-up-prepara-semana-20240426130236-nt.html
29,2025-05-02,programacion,INCLUIR,0.41,31,0,La unión entre lo masivo y lo alternativo marca la vuelta del Warm Up de Murcia,Alberto Frutos,https://www.laverdad.es/culturas/musica/union-masivo-alternativo-marca-vuelta-warm-up-20250502220540-nt.html
44,2024-05-04,programacion,INCLUIR,0.38,24,0,"Los conciertos de la segunda jornada del Warm Up 2024, en imágenes",Javier Carrión / Guillermo Carrión / AGM,https://www.laverdad.es/culturas/musica/conciertos-segunda-jornada-warm-up-2024-imagenes-20240504232501-ga.html
57,2024-05-02,programacion,INCLUIR,0.38,93,0,Todo lo que tienes que saber para disfrutar del Warm Up 2024,Iván Rosique,https://www.laverdad.es/culturas/musica/saber-disfrutar-warm-up-2024-20240502175057-nt.html
46,2024-05-04,programacion,INCLUIR,0.36,33,0,"Warm Up, cuando todos los problemas son elegir a qué grupo perderse",Natalia Benito,https://www.laverdad.es/culturas/musica/warm-up-problemas-elegir-grupo-perderse-20240504200609-nt.html
11,2026-04-28,programacion,INCLUIR,0.33,18,0,Podcast: De Fatboy Slim a Perdón: 10 conciertos esenciales del Warm Up 2026,Alberto Frutos,https://www.laverdad.es/podcast/pulso-musical/fatboy-slim-perdon-conciertos-esenciales-warm-up-20260428194724-aud.html
50,2024-05-04,programacion,INCLUIR,0.33,9,0,El Warm Up 2024 invade el centro de Murcia por la mañana,José Luis Ros Caval / AGM,https://www.laverdad.es/culturas/musica/warm-up-2024-invade-centro-murcia-manana-20240504145033-ga.html
40,2024-10-29,programacion,INCLUIR,0.31,31,0,"Franz Ferdinand, Carolina Durante y Fangoria, primeras confirmaciones del Warm Up 2025",Fernando Perals,https://www.laverdad.es/culturas/musica/franz-ferdinand-carolina-fangoria-primeras-confirmaciones-warm-20241029163040-nt.html
15,2026-03-01,programacion,INCLUIR,0.29,17,0,"Bloc Party, Lori Meyers y Midnight Generation cierran el cartel del Warm Up",LA VERDAD,https://www.laverdad.es/culturas/musica/bloc-party-lori-meyers-midnight-generation-cierran-20260301112823-nt.html
60,2024-05-01,turismo_cultura,INCLUIR,0.8,42,0,Turismo prevé que el Warm Up deje un 80% de ocupación en hoteles de la Región de Murcia,Tania Costa,https://www.laverdad.es/murcia/hoteles-costa-calida-esperan-poca-puente-mayo-20240430112610-nt.html
43,2024-05-05,turismo_cultura,INCLUIR,0.5,12,0,El Warm Up 2024 se despide con conciertos en el centro de Murcia,Javier Carrión / AGM,https://www.laverdad.es/culturas/musica/warm-up-2024-despide-conciertos-centro-murcia-20240505200730-ga.html
20,2025-05-05,turismo_cultura,INCLUIR,0.43,46,0,El Warm Up deja un fin de semana con la mejor rentabilidad del año para los hoteles de Murcia,LA VERDAD,https://www.laverdad.es/murcia/ciudad-murcia/warm-up-deja-fin-semana-mejor-rentabilidad-20250505144753-nt.html
66,2024-02-29,turismo_cultura,INCLUIR,0.37,35,0,Luis Bernardeau: «Tuve una visión después de la epifanía ruidosa de Yo La Tengo en el Warm Up»,Manuel Madrid,https://www.laverdad.es/culturas/luis-bernardeau-vision-despues-epifania-ruidosa-warm-20240229010030-nt.html
61,2024-04-29,turismo_cultura,INCLUIR,0.35,54,1,La Comunidad prevé que el Warm Up tenga un impacto económico directo de más de 19 millones en la Región de Murcia,LA VERDAD,https://www.laverdad.es/culturas/musica/comunidad-preve-warm-up-impacto-economico-directo-20240429154424-nt.html
38,2024-12-18,turismo_cultura,INCLUIR,0.28,32,0,"Crystal Fighters, Mikel Izal y Sexy Zebras se suman al Warm Up 2025",LA VERDAD,https://www.laverdad.es/culturas/musica/crystal-fighters-mikel-izal-sexy-zebras-suman-20241218125928-nt.html
